iter	AccuracyMetric	MultiClass
0	0.652173913	0.9782600422
1	0.6956521739	0.9177276228
