iter	AccuracyMetric	MultiClass
0	0.7428571429	1.09256637
