iter	AccuracyMetric	MultiClass
0	0.7307692308	1.091675367
