iter	AccuracyMetric	MultiClass
0	0.8571428571	1.090651559
