iter	AccuracyMetric	MultiClass
0	0.6956521739	0.979890757
1	0.7826086957	0.9057203606
2	0.8695652174	0.7919314555
